gen,dist1,acceptance_rate
2,4.14081949840062,0.831265508684863
3,2.25712209781339,0.758333333333333
4,1.42437121613683,0.701754385964912
5,0.891842855933594,0.607771706132362
6,0.612011381372081,0.561070831009481
7,0.419581350231235,0.53788285867813
8,0.293722320536638,0.487354085603113
9,0.203496186341337,0.415454923140839
10,0.143876426328613,0.404178384893532
