gen,dist1,acceptance_rate
2,3.9656279835681,0.826589595375723
3,2.19761118419477,0.760424564063685
4,1.3483571473488,0.68070652173913
5,0.817547912714291,0.604229607250755
6,0.547314621336538,0.551571980143409
7,0.378821813448859,0.525735294117647
8,0.270642728139201,0.475534441805226
9,0.181785024126361,0.396204033214709
10,0.128214815991769,0.371534195933457
