gen,dist1,acceptance_rate
2,4.21647254355425,0.82522671063479
3,2.22202588203136,0.752817430503381
4,1.32616269955297,0.671571906354515
5,0.820668376427196,0.619430693069307
6,0.552469616273528,0.562219730941704
7,0.369222467442219,0.494559841740851
8,0.253668457292282,0.473783656117147
9,0.177973595854731,0.400720576461169
10,0.129915470955256,0.361702127659574
