gen,dist1,acceptance_rate
2,4.06392062450923,0.835696413678065
3,2.1259772096432,0.736029411764706
4,1.31476976031561,0.67565745111261
5,0.782577757776523,0.598444045481747
6,0.552884585955679,0.561482313307131
7,0.38585776481053,0.521082769390942
8,0.265893524962065,0.461928934010152
9,0.190240606287707,0.411571604431678
10,0.133504888025847,0.379939209726444
