gen,dist1,acceptance_rate
2,4.0573636999786,0.828241123038811
3,2.20674069357728,0.756024096385542
4,1.35203373377807,0.687200547570157
5,0.858396735547335,0.62360248447205
6,0.563835687301131,0.558971492453885
7,0.390470505629231,0.52212389380531
8,0.271039315231977,0.45662100456621
9,0.194521303810057,0.443066016836509
10,0.13328810754356,0.364564345607
